{
  "exhaustionPerHarvest": 0.005,
  "additionalLogging": false,
  "crops": [
    {
      "block": "minecraft:wheat",
      "states": {
        "age": "7"
      }
    },
    {
      "block": "minecraft:nether_wart",
      "states": {
        "age": "3"
      }
    },
    {
      "block": "minecraft:carrots",
      "states": {
        "age": "7"
      }
    },
    {
      "block": "minecraft:potatoes",
      "states": {
        "age": "7"
      }
    },
    {
      "block": "minecraft:beetroots",
      "states": {
        "age": "3"
      }
    },
    {
      "block": "veggie_way:plant_corn",
      "states": {
        "age": "7"
      }
    },
    {
      "block": "veggie_way:plant_lentil",
      "states": {
        "age": "7"
      }
    },
    {
      "block": "veggie_way:plant_quinoa",
      "states": {
        "age": "7"
      }
    },
    {
      "block": "veggie_way:plant_soybean",
      "states": {
        "age": "7"
      }
    }
  ]
}